Age,MP,PER,TS%,FG,FGA,FG%,3P,3PA,3P%,eFG%,FT%,ORB,DRB,AST,STL,BLK,PTS,Salary
28,385,5.9,0.486,34,83,0.41,7,37,0.189,0.45,0.765,8,40,9,7,5,88,4666500
36,128,12.8,0.622,14,23,0.609,0,1,0,0.61,0.625,9,21,12,2,2,33,2328652
22,2129,12.8,0.508,381,927,0.411,106,341,0.311,0.47,0.782,112,401,182,57,30,1040,2422560
27,2809,25.1,0.586,570,1252,0.455,91,248,0.367,0.49,0.865,129,341,417,143,32,1816,19301070
32,1700,10.9,0.496,221,514,0.43,46,144,0.319,0.48,0.781,33,184,191,67,22,538,2328652
21,1190,8.5,0.536,145,361,0.402,50,161,0.311,0.47,0.854,25,124,75,32,10,445,1386600
35,1843,12.8,0.542,273,626,0.436,106,258,0.411,0.52,0.818,33,209,144,36,18,715,10505000
28,643,9.9,0.523,77,165,0.467,15,43,0.349,0.51,0.586,27,85,37,23,3,186,2106470
25,2374,8,0.528,183,477,0.384,94,270,0.348,0.48,0.805,51,256,141,71,32,563,12236535
27,1639,12.7,0.549,233,538,0.433,97,273,0.355,0.52,0.825,27,198,102,65,31,629,4615385
26,361,9.6,0.485,54,120,0.45,6,20,0.3,0.48,0.615,4,48,59,5,3,122,4180000
20,1632,6.9,0.469,192,481,0.399,51,159,0.321,0.45,0.657,45,242,82,39,32,479,2550000
27,1330,16,0.645,161,259,0.622,0,0,,0.62,0.699,129,366,44,37,61,387,6000000
23,1334,12.7,0.581,134,302,0.444,38,101,0.376,0.51,0.792,27,137,185,44,23,432,1524305
19,1743,12.3,0.529,284,632,0.449,72,224,0.321,0.51,0.624,96,252,60,67,70,753,3073800
31,1998,10,0.514,247,557,0.443,43,135,0.319,0.48,0.727,19,185,236,79,27,630,2245400
22,1419,13,0.549,203,429,0.473,60,187,0.321,0.54,0.559,94,190,76,38,21,504,1794600
26,2029,15.5,0.601,338,703,0.481,137,322,0.425,0.58,0.85,25,153,188,79,7,898,3028410
29,1286,17.6,0.584,244,548,0.445,103,277,0.372,0.54,0.876,88,285,66,23,41,711,2116955
30,1534,10.5,0.505,220,558,0.394,53,193,0.275,0.44,0.863,39,175,81,37,13,638,2116955
21,1074,8.6,0.54,106,245,0.433,41,123,0.333,0.52,0.784,22,79,77,32,15,282,1312611
25,1140,12.3,0.502,209,525,0.398,45,139,0.324,0.44,0.857,25,93,130,27,5,595,13618750
23,1064,19.2,0.662,225,345,0.652,1,7,0.143,0.65,0.628,81,138,64,20,42,527,1471382
28,935,17.8,0.584,216,406,0.532,18,43,0.419,0.55,0.743,40,153,53,28,27,528,2116955
24,1442,15.8,0.567,190,361,0.526,10,36,0.278,0.54,0.738,120,249,96,82,40,449,1471382
28,1190,11,0.526,151,356,0.424,56,177,0.316,0.5,0.738,57,187,79,40,20,403,3949999
29,1776,13.7,0.592,281,647,0.434,169,409,0.413,0.57,0.903,30,199,48,46,25,815,7936509
26,1205,10.9,0.518,170,381,0.446,37,120,0.308,0.5,0.688,20,108,154,42,3,430,6000000
23,1421,16.4,0.558,255,481,0.53,0,2,0,0.53,0.669,85,255,80,53,45,611,3704160
38,1424,17,0.529,296,678,0.437,79,209,0.378,0.5,0.875,23,330,82,30,38,769,5000000
22,1474,8.7,0.477,117,360,0.325,43,156,0.276,0.39,0.763,23,113,198,54,20,425,1312611
27,2374,13.7,0.54,406,889,0.457,71,196,0.362,0.5,0.837,107,385,126,82,42,1063,8000000
20,146,7.5,0.444,23,64,0.359,10,35,0.286,0.44,0.5,8,33,7,1,1,60,1780800
25,1183,10.4,0.531,185,495,0.374,138,355,0.389,0.51,0.796,21,79,46,21,4,551,3408520
28,1955,14.7,0.477,329,749,0.439,28,105,0.267,0.46,0.706,21,214,418,61,33,758,6000000
25,1679,14.5,0.546,258,625,0.413,129,377,0.342,0.52,0.773,61,323,75,53,56,744,12500000
21,1123,13,0.474,184,437,0.421,21,79,0.266,0.45,0.775,20,75,226,48,5,444,1312611
31,1187,8.1,0.484,123,356,0.346,95,271,0.351,0.48,0.667,17,96,62,40,11,351,13760000
23,1642,7.7,0.486,124,333,0.372,56,191,0.293,0.46,0.754,55,166,67,52,25,350,1312611
25,1966,9.1,0.506,190,460,0.413,73,220,0.332,0.49,0.62,95,162,124,45,18,497,1312611
33,1998,14.4,0.624,219,415,0.528,64,177,0.362,0.61,0.706,51,253,262,76,39,574,14814815
22,17,30.8,0.753,3,4,0.75,1,1,1,0.88,0.5,2,2,3,0,0,10,92858
28,2657,19.2,0.574,402,909,0.442,90,252,0.357,0.49,0.867,33,298,639,100,32,1254,19000000
23,285,5.9,0.462,36,99,0.364,17,53,0.321,0.45,0.833,2,21,23,1,0,94,1312611
30,1843,13.6,0.461,229,561,0.408,50,133,0.376,0.45,0.6,73,282,461,99,11,538,3300000
23,1176,9.8,0.538,180,419,0.43,65,170,0.382,0.51,0.753,19,111,51,29,6,495,5200000
21,40,14.6,0.438,6,16,0.375,2,6,0.333,0.44,,5,5,4,2,1,14,2451225
27,1016,12.4,0.533,158,369,0.428,54,168,0.321,0.5,0.809,47,79,69,29,11,425,3025035
30,2193,17.7,0.553,379,801,0.473,86,242,0.355,0.53,0.8,95,369,337,52,87,952,27734405
23,1614,10.7,0.493,202,513,0.394,75,227,0.33,0.47,0.779,35,133,140,60,39,539,1471382
27,2947,27.3,0.613,674,1533,0.44,262,756,0.347,0.53,0.847,95,564,906,120,37,2356,28299399
21,198,9.6,0.517,28,68,0.412,8,28,0.286,0.47,0.789,3,20,11,5,1,79,1504560
23,299,13.6,0.586,40,98,0.408,16,47,0.34,0.49,0.953,6,26,34,9,2,137,1312611
25,1237,14.4,0.596,170,337,0.504,46,110,0.418,0.57,0.766,76,164,95,30,41,435,5000000
29,381,9.8,0.439,44,118,0.373,13,31,0.419,0.43,0.667,23,51,50,10,4,107,6021175
24,2234,13.9,0.555,408,930,0.439,128,360,0.356,0.51,0.805,44,165,202,66,4,1167,17000000
20,405,6.4,0.404,36,115,0.313,3,22,0.136,0.33,0.838,11,35,61,18,7,106,1874400
21,1643,7.5,0.487,204,508,0.402,44,149,0.295,0.45,0.805,32,152,192,42,36,543,1312611
27,2620,24,0.552,721,1545,0.467,33,124,0.266,0.48,0.842,70,316,290,78,13,2020,27739975
23,1020,12.5,0.525,93,209,0.445,15,40,0.375,0.48,0.789,33,175,91,51,26,246,2151704
20,774,13.8,0.523,75,181,0.414,26,73,0.356,0.49,0.767,10,57,156,47,5,209,1471382
20,2541,18.5,0.585,444,869,0.511,40,115,0.348,0.53,0.809,139,448,106,74,173,1173,2569920
27,525,13,0.508,78,158,0.494,0,1,0,0.49,0.564,43,81,42,7,21,178,1709538
29,2197,14.9,0.545,433,939,0.461,110,326,0.337,0.52,0.727,103,356,141,52,30,1117,12016854
30,2495,11.9,0.533,333,847,0.393,174,479,0.363,0.5,0.816,18,241,210,77,16,986,17884176
31,1345,10.1,0.568,173,316,0.547,1,3,0.333,0.55,0.7,28,123,139,38,20,389,7692308
28,13,6.5,0.41,1,4,0.25,0,0,,0.25,1,3,1,0,1,1,4,1865547
23,2605,17.3,0.628,414,803,0.516,148,341,0.434,0.61,0.832,118,397,121,116,41,1075,24773250
23,976,7.3,0.492,102,288,0.354,73,208,0.351,0.48,0.778,11,140,63,30,7,291,2186400
23,189,10.6,0.612,19,40,0.475,9,15,0.6,0.59,0.667,5,17,6,6,1,57,1312611
29,810,8.4,0.448,73,200,0.365,29,118,0.246,0.44,0.647,26,155,23,29,30,186,5881260
33,1087,13.8,0.549,136,341,0.399,58,177,0.328,0.48,0.829,11,116,136,43,7,437,4402546
23,2684,20.1,0.604,637,1322,0.482,223,552,0.404,0.57,0.825,53,186,267,83,21,1779,23775506
28,442,17.6,0.582,105,218,0.482,37,95,0.389,0.57,0.769,4,30,57,11,2,267,250000
28,2271,14.4,0.511,382,775,0.493,0,2,0,0.49,0.721,243,276,80,18,117,839,13788500
26,1501,10.6,0.581,146,321,0.455,51,137,0.372,0.53,0.782,69,190,64,46,19,429,3028410
22,1782,16.5,0.611,320,637,0.502,107,255,0.42,0.59,0.776,48,130,164,71,8,851,2550055
26,2694,24.1,0.586,661,1488,0.444,214,578,0.37,0.52,0.895,46,322,439,68,20,2024,26153057
26,1525,12.4,0.504,163,404,0.403,40,128,0.313,0.45,0.76,34,139,335,56,6,464,2000000
32,2538,17.9,0.535,602,1389,0.433,151,421,0.359,0.49,0.833,62,374,213,60,34,1659,26243760
34,2045,11.4,0.544,268,604,0.444,106,273,0.388,0.53,0.714,28,164,385,53,8,687,4736050
22,981,9.8,0.513,114,285,0.4,33,102,0.324,0.46,0.787,25,132,55,43,27,335,2422560
27,342,5.9,0.427,43,111,0.387,5,27,0.185,0.41,0.643,15,46,10,16,6,100,2844429
30,1728,11.2,0.545,183,432,0.424,82,220,0.373,0.52,0.784,32,151,169,84,28,506,8000000
34,560,16.1,0.535,92,197,0.467,11,32,0.344,0.5,0.941,6,51,131,13,0,227,25000
34,1298,16.6,0.703,153,228,0.671,0,0,,0.67,0.734,154,385,30,33,24,397,13000000
19,24,-1.2,0.339,3,13,0.231,0,0,,0.23,1,1,5,0,0,1,10,1312611
31,1015,15.2,0.493,99,201,0.493,0,1,0,0.49,0.436,161,241,103,30,37,232,17765000
24,2567,16.9,0.568,511,1063,0.481,109,314,0.347,0.53,0.841,63,353,142,60,39,1321,16000000
24,205,11,0.462,25,60,0.417,1,10,0.1,0.43,0.688,8,18,21,12,1,62,50000
36,1614,8.2,0.574,153,343,0.446,62,186,0.333,0.54,0.741,28,174,78,26,10,448,2500000
25,846,9.9,0.437,112,306,0.366,15,64,0.234,0.39,0.753,24,128,113,38,23,297,2700000
25,2796,19.9,0.585,692,1441,0.48,185,440,0.42,0.54,0.912,60,231,285,72,42,1837,23962573
26,1823,21.1,0.572,387,726,0.533,0,4,0,0.53,0.741,167,365,187,92,38,951,17884176
31,2335,18.6,0.532,500,1049,0.477,23,56,0.411,0.49,0.812,174,350,139,46,89,1243,21461010
20,1341,10.3,0.539,192,423,0.454,46,135,0.341,0.51,0.685,45,175,64,35,18,515,4956480
23,505,11.5,0.555,77,169,0.456,20,66,0.303,0.52,0.842,15,67,13,19,18,206,100000
24,1088,15.5,0.682,103,156,0.66,3,12,0.25,0.67,0.657,82,161,42,52,90,253,2947305
20,447,13.4,0.553,56,107,0.523,2,9,0.222,0.53,0.618,44,80,29,14,17,135,1471382
21,1000,14.9,0.545,183,375,0.488,32,96,0.333,0.53,0.661,75,221,35,16,11,437,1516320
21,2164,17.4,0.546,443,985,0.45,112,314,0.357,0.51,0.786,111,364,97,47,130,1196,4503600
27,2513,22.6,0.579,542,973,0.557,0,0,,0.56,0.628,293,795,57,56,161,1309,23775506
21,1265,10.8,0.525,130,270,0.481,7,20,0.35,0.49,0.638,131,256,31,30,27,327,3505233
21,1228,8.6,0.521,155,363,0.427,44,149,0.295,0.49,0.795,30,102,112,21,12,412,4992385
19,355,12.7,0.573,56,102,0.549,0,2,0,0.55,0.857,24,62,20,3,17,124,2301360
25,1495,10.4,0.51,207,545,0.38,120,308,0.39,0.49,0.797,27,129,93,46,6,585,6666667
28,968,8.4,0.516,97,244,0.398,38,85,0.447,0.48,0.843,32,110,35,21,5,275,6655325
22,141,9.8,0.473,15,34,0.441,0,1,0,0.44,0.571,13,21,7,3,6,38,1471382
24,2054,11.4,0.545,323,731,0.442,111,299,0.371,0.52,0.691,20,141,204,48,10,889,11825000
24,1222,8.9,0.507,146,378,0.386,74,213,0.347,0.48,0.875,27,209,71,13,28,401,9904495
23,2048,15.6,0.539,403,814,0.495,26,98,0.265,0.51,0.773,125,214,75,76,39,951,3152931
33,134,5.9,0.272,4,24,0.167,3,17,0.176,0.23,0.75,3,8,18,11,1,14,2442455
21,1749,14.6,0.576,326,710,0.459,120,310,0.387,0.54,0.836,18,141,139,41,10,889,3202217
28,2058,13,0.546,228,543,0.42,110,288,0.382,0.52,0.768,95,299,281,99,25,639,5513514
26,2649,17.4,0.592,644,1376,0.468,268,647,0.414,0.57,0.853,49,236,160,66,40,1742,17826150
27,1248,7.5,0.456,145,388,0.374,26,110,0.236,0.41,0.806,11,113,193,39,1,391,2500000
39,1365,9,0.6,105,243,0.432,73,171,0.427,0.58,0.828,15,91,98,45,20,307,2328652
32,931,18.9,0.526,235,471,0.499,0,1,0,0.5,0.765,75,203,57,19,16,535,9769821
27,2569,26.5,0.625,682,1473,0.463,245,646,0.379,0.55,0.909,43,162,449,70,13,2199,6261395
23,1055,10.1,0.56,134,341,0.393,94,247,0.381,0.53,0.898,18,68,40,37,8,406,5725000
19,574,5.3,0.44,57,161,0.354,28,101,0.277,0.44,0.364,23,80,23,10,22,146,4468800
31,2236,10.5,0.516,199,482,0.413,70,196,0.357,0.49,0.774,117,355,99,116,19,540,7590035
25,1384,14.5,0.507,281,663,0.424,85,215,0.395,0.49,0.646,18,136,200,41,20,729,11000000
35,1786,18.5,0.49,433,964,0.449,21,94,0.223,0.46,0.731,182,416,122,38,10,1028,12307692
26,1123,15.3,0.55,159,309,0.515,0,1,0,0.52,0.692,92,203,57,29,78,392,11422536
26,1986,9.4,0.501,208,534,0.39,79,215,0.367,0.46,0.854,24,123,357,53,0,577,9607500
21,960,7.2,0.45,117,330,0.355,43,144,0.299,0.42,0.8,20,126,62,30,14,317,4078320
24,1516,14.9,0.566,288,598,0.482,49,146,0.336,0.52,0.774,84,136,35,22,6,772,1577230
21,1605,9.1,0.516,186,442,0.421,54,188,0.287,0.48,0.758,61,199,47,58,17,501,2093040
24,1533,23.7,0.599,402,737,0.545,5,38,0.132,0.55,0.786,195,287,67,32,38,1033,20566802
28,639,12.8,0.583,95,215,0.442,53,117,0.453,0.57,0.864,25,87,42,19,21,262,7464912
29,1972,12.4,0.604,204,451,0.452,123,279,0.441,0.59,0.735,23,237,224,96,8,581,14136364
25,1508,10.7,0.554,222,497,0.447,77,207,0.372,0.52,0.845,20,159,58,13,5,592,3294994
27,1419,13.8,0.56,216,392,0.551,0,1,0,0.55,0.613,118,285,47,36,48,470,8393000
19,562,14,0.558,83,181,0.459,28,74,0.378,0.54,0.653,40,74,23,10,26,226,2684160
24,1982,14.9,0.555,290,635,0.457,78,193,0.404,0.52,0.865,47,166,317,84,12,767,1312611
31,1556,14.1,0.588,272,633,0.43,170,421,0.404,0.56,0.856,25,112,58,37,14,791,5192000
24,1143,17,0.55,226,491,0.46,41,146,0.281,0.5,0.853,30,234,75,27,23,603,7000000
25,592,8.1,0.483,63,173,0.364,25,94,0.266,0.44,0.909,6,43,37,22,1,181,200000
22,558,8.7,0.477,58,151,0.384,9,25,0.36,0.41,0.8,42,120,8,17,9,165,1471382
26,1937,9,0.536,201,489,0.411,94,261,0.36,0.51,0.789,39,180,109,62,27,567,10337079
36,841,10.1,0.573,93,220,0.423,53,134,0.396,0.54,0.8,18,97,50,15,7,275,1662500
28,584,12.9,0.529,89,178,0.5,0,4,0,0.5,0.725,46,131,12,20,22,207,4961798
25,719,8.5,0.48,61,146,0.418,9,37,0.243,0.45,0.697,25,58,92,26,6,154,3000000
24,2178,15.9,0.535,357,824,0.433,93,250,0.372,0.49,0.768,50,243,233,84,44,1002,5881260
27,2422,16.4,0.566,471,982,0.48,124,317,0.391,0.54,0.856,129,409,75,41,124,1173,20061729
22,1047,20.4,0.622,184,309,0.595,0,1,0,0.6,0.694,93,201,50,65,51,445,4187599
33,1398,15.6,0.612,238,520,0.458,137,335,0.409,0.59,0.851,37,253,45,33,37,676,7420912
27,2653,14.2,0.555,332,661,0.502,16,43,0.372,0.51,0.814,188,459,158,88,95,816,14112360
22,294,10.5,0.443,39,111,0.351,11,29,0.379,0.4,0.818,4,38,35,17,2,107,1312611
28,2570,21.8,0.673,412,577,0.714,0,2,0,0.71,0.482,297,817,96,52,135,1029,22642350
32,894,9.5,0.507,121,300,0.403,48,128,0.375,0.48,0.8,18,51,125,25,9,322,2116955
26,2689,20.2,0.586,622,1349,0.461,195,496,0.393,0.53,0.898,58,434,251,117,27,1775,19508958
25,1955,13.4,0.55,326,746,0.437,142,391,0.363,0.53,0.831,18,189,88,88,33,858,10500000
28,1658,11.4,0.491,235,552,0.426,31,118,0.263,0.45,0.825,36,211,205,53,24,586,17131148
30,2244,22.9,0.623,426,918,0.464,193,468,0.412,0.57,0.819,48,240,417,88,19,1344,28703704
24,708,19.5,0.547,138,267,0.517,0,1,0,0.52,0.625,94,198,23,27,32,346,6000000
23,1954,13,0.502,320,802,0.399,116,354,0.328,0.47,0.756,57,279,162,47,34,874,2847600
40,1799,11.7,0.542,193,490,0.394,112,296,0.378,0.51,0.765,36,191,133,60,36,586,8000000
21,1728,19.1,0.563,399,814,0.49,65,178,0.365,0.53,0.743,79,235,142,51,22,1025,6782392
26,558,11.8,0.565,70,170,0.412,37,90,0.411,0.52,0.75,20,95,18,14,15,222,1709538
23,75,6.6,0.43,12,27,0.444,0,0,,0.44,0,5,17,3,2,0,24,50000
20,458,7.8,0.449,57,156,0.365,26,81,0.321,0.45,0.4,4,45,23,19,10,142,1889040
27,1599,10.8,0.542,154,384,0.401,94,253,0.372,0.52,0.717,62,229,76,40,23,445,5192000
26,1424,14.9,0.51,284,677,0.419,66,184,0.359,0.47,0.868,21,92,270,35,5,752,16000000
22,859,11.5,0.523,103,205,0.502,1,7,0.143,0.51,0.688,64,121,17,26,45,229,1312611
25,2003,13.2,0.518,299,661,0.452,48,135,0.356,0.49,0.77,51,184,265,66,13,740,7630000
23,2389,16.5,0.589,374,655,0.571,0,1,0,0.57,0.611,282,333,86,88,78,905,22471910
24,135,11.4,0.433,26,72,0.361,5,23,0.217,0.4,0.733,1,16,15,4,0,68,1471382
25,1138,9,0.558,154,362,0.425,85,221,0.385,0.54,0.714,16,131,54,30,8,428,1524305
20,2730,14.6,0.531,606,1431,0.423,147,405,0.363,0.48,0.832,46,203,268,72,21,1726,2319360
22,2412,17.2,0.52,430,912,0.471,40,146,0.274,0.49,0.692,89,298,529,88,40,1046,3332340
20,1371,7.2,0.436,129,365,0.353,45,154,0.292,0.42,0.679,36,153,105,56,24,339,3097800
26,1031,17.1,0.578,162,285,0.568,1,4,0.25,0.57,0.557,129,203,26,18,47,374,1577230
23,857,7.5,0.456,82,217,0.378,23,86,0.267,0.43,0.651,12,86,107,34,8,215,4328000
29,1608,15,0.628,213,370,0.576,27,66,0.409,0.61,0.67,117,248,140,52,62,520,11000000
29,1538,11,0.524,195,517,0.377,95,274,0.347,0.47,0.814,15,102,209,31,1,616,7250000
23,2188,9,0.54,251,634,0.396,132,359,0.368,0.5,0.813,21,205,188,45,32,756,3807146
29,2085,17,0.564,368,769,0.479,87,256,0.34,0.54,0.707,66,309,276,76,86,975,13954000
28,1754,15.2,0.577,273,622,0.439,147,356,0.413,0.56,0.825,24,118,280,65,3,759,10714286
26,1177,13.6,0.55,174,379,0.459,55,181,0.304,0.53,0.75,71,191,55,29,43,442,1000000
31,1921,26.2,0.614,374,785,0.476,124,302,0.411,0.56,0.892,41,263,563,118,8,1104,24599495
31,1362,10.6,0.579,157,346,0.454,77,203,0.379,0.57,0.662,31,194,121,42,16,434,10000000
22,1333,8.1,0.432,118,313,0.377,21,73,0.288,0.41,0.61,24,142,188,78,36,293,4046760
23,93,0.1,0.285,9,36,0.25,1,12,0.083,0.26,1,2,15,5,3,0,21,100000
31,2459,12.1,0.559,321,704,0.456,108,269,0.401,0.53,0.867,53,207,179,81,23,835,11747890
21,2038,26.4,0.64,494,854,0.578,45,139,0.324,0.61,0.825,212,506,359,61,56,1221,1471382
31,1989,15.1,0.543,365,709,0.515,3,13,0.231,0.52,0.715,158,328,73,42,66,846,14000000
23,1228,13.9,0.537,186,439,0.424,58,194,0.299,0.49,0.791,69,176,66,41,23,532,1579440
36,1777,10.3,0.514,185,473,0.391,87,263,0.331,0.48,0.787,70,317,194,48,26,527,2133542
23,2485,16.1,0.533,548,1215,0.451,100,294,0.34,0.49,0.855,42,206,499,74,16,1414,15500000
28,2802,30.6,0.554,824,1941,0.425,200,583,0.343,0.48,0.845,137,727,840,133,31,2558,28530608
22,2132,16.3,0.543,377,773,0.488,17,63,0.27,0.5,0.723,151,485,264,49,37,975,4149242
23,53,19.7,0.59,9,16,0.563,1,4,0.25,0.59,0.5,4,13,2,1,2,22,1312611
35,1792,18.5,0.508,414,955,0.434,45,145,0.31,0.46,0.794,64,207,229,86,41,1096,15550000
35,1914,13.3,0.493,274,595,0.461,15,54,0.278,0.47,0.615,166,225,98,115,29,643,2116955
25,2376,9.6,0.51,215,463,0.464,45,184,0.245,0.51,0.423,98,304,79,94,79,522,9259259
25,653,11.6,0.501,99,248,0.399,25,76,0.329,0.45,0.769,17,103,30,18,5,283,10845506
21,2298,14.4,0.53,393,865,0.454,77,267,0.288,0.5,0.719,116,289,150,64,40,1019,5504420
30,1013,17.9,0.559,201,442,0.455,42,113,0.372,0.5,0.855,35,155,82,44,26,562,8406000
22,843,6.9,0.503,88,221,0.398,33,99,0.333,0.47,0.775,15,110,36,15,16,240,1312611
26,2190,17.1,0.532,405,894,0.453,100,281,0.356,0.51,0.708,46,218,488,100,43,1029,25686667
27,1065,8.4,0.563,113,281,0.402,87,210,0.414,0.56,0.733,13,129,36,21,11,324,1974159
20,238,10.6,0.528,24,47,0.511,0,0,,0.51,0.556,20,40,2,3,17,58,1312611
25,2336,9.7,0.603,246,541,0.455,144,355,0.406,0.59,0.81,22,226,96,54,14,683,9821429
22,52,0.3,0.19,1,7,0.143,0,2,0,0.14,0.5,1,2,3,1,1,3,1312611
32,2198,14.8,0.599,396,890,0.445,201,468,0.429,0.56,0.891,11,160,110,55,13,1173,23000000
24,346,10.7,0.527,41,91,0.451,10,31,0.323,0.51,0.889,4,26,34,21,5,100,1471382
25,512,13.6,0.533,73,183,0.399,34,92,0.37,0.49,0.776,8,53,67,32,2,218,2361360
32,771,17.2,0.521,142,343,0.414,53,148,0.358,0.49,0.863,9,75,193,14,1,381,3903900
26,2119,13.2,0.534,292,732,0.399,137,412,0.333,0.49,0.822,92,344,102,127,69,864,16698103
28,71,8.7,0.453,11,32,0.344,2,5,0.4,0.38,0.9,3,9,13,0,0,33,9000000
23,2708,27.5,0.579,770,1527,0.504,40,134,0.299,0.52,0.802,174,712,157,94,167,2099,23775506
32,1012,9.3,0.507,96,248,0.387,32,105,0.305,0.45,0.864,16,73,114,43,2,281,333334
24,2397,13.1,0.526,477,1071,0.445,117,356,0.329,0.5,0.798,49,197,213,88,8,1205,11562500
34,1198,18.9,0.63,245,397,0.617,3,9,0.333,0.62,0.589,95,186,65,56,40,609,3477600
32,1596,11.9,0.519,174,395,0.441,41,120,0.342,0.49,0.733,54,216,107,96,31,444,5250000
39,277,5.7,0.535,28,70,0.4,15,43,0.349,0.51,0.769,1,47,10,4,5,81,1096080
27,2076,22.7,0.569,479,971,0.493,38,113,0.336,0.51,0.76,111,385,300,58,23,1316,29512900
29,2063,15.3,0.57,340,714,0.476,73,175,0.417,0.53,0.86,23,130,312,67,9,900,10000000
30,1068,13.6,0.598,174,329,0.529,37,78,0.474,0.59,0.686,64,194,37,21,55,420,5225000
29,1500,12.6,0.565,231,555,0.416,149,394,0.378,0.55,0.86,18,115,70,35,4,648,6270000
23,2223,13.2,0.57,314,624,0.503,68,194,0.351,0.56,0.621,125,216,89,85,70,773,10162922
22,48,10.2,0.614,2,7,0.286,1,2,0.5,0.36,0.9,1,8,3,1,0,14,1312611
36,130,8.4,0.524,11,23,0.478,0,3,0,0.48,0.6,8,28,6,5,1,31,2328652
25,980,12.6,0.509,148,336,0.44,33,98,0.337,0.49,0.63,72,179,70,25,6,375,1524305
23,1560,15,0.553,230,463,0.497,3,12,0.25,0.5,0.721,156,354,44,37,98,613,4187599
31,1580,9,0.559,185,420,0.44,62,151,0.411,0.51,0.892,9,116,78,21,7,515,2328652
22,1263,10.8,0.466,151,411,0.367,57,179,0.318,0.44,0.773,40,187,131,45,11,410,1988520
30,811,12.3,0.495,100,263,0.38,21,62,0.339,0.42,0.771,11,62,129,26,3,312,2328652
36,854,16.6,0.571,135,252,0.536,3,8,0.375,0.54,0.768,47,156,151,42,48,316,2328652
28,2638,24.6,0.624,675,1443,0.468,324,789,0.411,0.58,0.898,61,292,523,143,17,1999,34682550
27,1963,11.5,0.504,295,721,0.409,92,266,0.346,0.47,0.708,45,186,177,91,52,801,16910113
20,165,13.7,0.536,33,73,0.452,9,28,0.321,0.51,0.8,5,12,11,7,0,83,1700640
32,583,9.3,0.46,38,81,0.469,0,1,0,0.47,0.273,56,162,49,13,25,79,2328652
22,1551,21.4,0.638,362,563,0.643,0,0,,0.64,0.531,178,348,64,34,80,818,2334520
30,2459,19.7,0.575,534,1124,0.475,117,289,0.405,0.53,0.79,61,217,423,89,13,1483,17000450
26,2163,19.1,0.498,483,1031,0.468,23,75,0.307,0.48,0.669,176,603,208,77,74,1096,12250000
28,777,7.5,0.476,55,142,0.387,17,46,0.37,0.45,0.625,20,88,54,47,14,152,1577230
29,1649,10.2,0.586,174,359,0.485,71,181,0.392,0.58,0.593,56,221,36,39,28,435,2300000
30,1882,11.9,0.531,220,549,0.401,109,320,0.341,0.5,0.761,63,212,74,81,27,638,14800000
24,2525,23,0.58,671,1420,0.473,177,441,0.401,0.54,0.905,52,178,418,83,25,1816,18868625
31,1486,10.1,0.47,164,424,0.387,51,165,0.309,0.45,0.73,63,232,74,48,20,425,17190000
39,1291,13.9,0.532,171,439,0.39,89,227,0.392,0.49,0.804,28,129,183,82,16,517,2500000
21,386,11.2,0.462,62,158,0.392,7,22,0.318,0.42,0.714,3,38,58,18,7,166,1312611
20,612,16.8,0.577,117,218,0.537,3,8,0.375,0.54,0.703,51,111,27,16,13,289,1312611
23,1197,13.1,0.533,160,394,0.406,68,176,0.386,0.49,0.831,20,91,172,42,9,462,1312611
29,2292,23.2,0.604,464,1009,0.46,171,419,0.408,0.55,0.859,31,211,433,92,19,1415,28530608
32,1268,16.1,0.588,164,307,0.534,0,2,0,0.53,0.778,140,270,132,59,33,426,3477600
28,883,19.2,0.566,175,400,0.438,58,156,0.372,0.51,0.816,11,124,184,41,14,523,12000000
31,2343,17.8,0.542,430,972,0.442,75,241,0.311,0.48,0.768,111,422,252,90,62,1246,31269231
27,788,15.5,0.501,150,370,0.405,42,118,0.356,0.46,0.75,13,124,124,35,9,411,3290000
29,1232,9.3,0.537,114,262,0.435,45,130,0.346,0.52,0.703,60,213,71,26,17,299,4000000
31,1477,11.1,0.595,155,351,0.442,90,230,0.391,0.57,0.744,51,188,77,33,20,461,3290000
24,446,15,0.535,49,116,0.422,10,30,0.333,0.47,0.764,16,32,57,27,11,150,1645200
26,1705,15.5,0.547,295,666,0.443,87,235,0.37,0.51,0.753,58,200,206,48,28,820,3533333
22,462,5.6,0.407,64,193,0.332,27,86,0.314,0.4,0.625,3,45,55,14,5,160,2203440
22,786,24.1,0.584,200,429,0.466,36,98,0.367,0.51,0.783,61,182,66,27,76,627,6100266
30,1163,13.1,0.57,143,279,0.513,0,0,,0.51,0.84,111,222,32,17,39,365,4328000
26,1835,14.4,0.548,359,775,0.463,108,277,0.39,0.53,0.731,65,269,121,68,11,894,8808989
32,1657,14,0.541,263,600,0.438,85,234,0.363,0.51,0.826,14,133,360,31,8,701,5500000
20,52,12.3,0.799,5,7,0.714,0,0,,0.71,1,2,8,3,3,1,14,1312611
27,2565,12.4,0.508,421,1007,0.418,118,357,0.331,0.48,0.784,77,289,160,52,25,1105,5000000
26,2836,23.2,0.541,647,1435,0.451,89,272,0.327,0.48,0.801,58,268,831,157,49,1805,18063850
30,35,14.4,0.5,4,12,0.333,4,9,0.444,0.5,,1,2,9,2,0,12,510921
24,808,12.9,0.609,103,234,0.44,69,173,0.399,0.59,0.824,22,77,46,20,28,303,1312611
24,47,6.2,0.611,5,9,0.556,1,4,0.25,0.61,,0,1,0,1,1,11,25000
28,195,5.9,0.36,17,59,0.288,4,27,0.148,0.32,0.875,10,27,17,4,3,45,1709538
22,249,4.9,0.404,26,89,0.292,13,51,0.255,0.37,0.765,6,18,11,9,3,78,1312611
26,2335,14.9,0.613,333,720,0.463,157,394,0.398,0.57,0.811,48,367,155,72,23,999,6796117
26,2471,16.5,0.522,272,650,0.418,81,263,0.308,0.48,0.709,98,501,533,154,106,776,16400000
32,2556,15.5,0.593,390,674,0.579,0,2,0,0.58,0.648,238,611,121,40,65,883,12782609
21,626,12.2,0.589,67,115,0.583,0,0,,0.58,0.544,78,87,12,17,20,165,2825640
25,219,10.4,0.529,19,43,0.442,0,0,,0.44,0.724,26,30,4,3,6,59,172552
28,293,29.6,0.606,72,132,0.545,0,0,,0.55,0.81,46,84,9,6,12,191,7000000
22,1237,12.2,0.556,171,380,0.45,59,184,0.321,0.53,0.72,23,165,110,49,8,468,1632480
23,1193,18.6,0.611,230,412,0.558,27,77,0.351,0.59,0.699,94,217,58,42,55,559,1471382
31,2773,12.3,0.548,326,798,0.409,191,555,0.344,0.53,0.738,54,405,175,147,20,936,7420912
21,80,15.2,0.526,16,32,0.5,1,7,0.143,0.52,0.6,9,10,2,2,2,36,1471382
24,397,12.1,0.611,47,81,0.58,1,5,0.2,0.59,0.641,16,46,14,13,7,120,1312611
26,2101,13.5,0.601,250,500,0.5,55,145,0.379,0.56,0.802,167,377,84,46,34,689,8533333
32,2794,27,0.619,736,1344,0.548,124,342,0.363,0.59,0.674,97,543,646,92,44,1954,33285709
28,2617,15.8,0.529,393,975,0.403,135,405,0.333,0.47,0.856,46,435,455,86,29,1164,22434783
28,2070,27.6,0.651,551,1026,0.537,117,312,0.375,0.59,0.875,39,474,300,66,99,1555,25000000
30,1104,12.3,0.553,169,328,0.515,0,1,0,0.52,0.808,104,160,43,16,31,401,15280000
27,1392,9.9,0.504,177,421,0.42,30,102,0.294,0.46,0.75,20,140,126,47,25,483,6300000
30,482,9.8,0.517,31,65,0.477,0,0,,0.48,0.59,48,115,15,5,10,85,10595505
27,789,11.5,0.563,75,142,0.528,0,0,,0.53,0.617,96,147,27,15,22,200,6352531
24,471,7.5,0.507,33,87,0.379,12,34,0.353,0.45,0.909,25,57,21,10,10,98,1312611
29,1807,10.2,0.537,176,449,0.392,118,311,0.379,0.52,0.844,31,193,124,71,58,497,10000000
32,2531,20.2,0.554,532,1160,0.459,104,268,0.388,0.5,0.837,60,402,338,67,99,1446,22642350
22,557,8.9,0.511,73,167,0.437,18,62,0.29,0.49,0.656,15,54,25,27,10,185,1471382
23,521,10.7,0.498,52,141,0.369,29,95,0.305,0.47,0.773,26,69,47,17,8,150,1312611
30,1544,19.3,0.599,289,606,0.477,94,233,0.403,0.55,0.801,23,144,203,50,11,829,20000000
29,89,3.1,0.306,3,14,0.214,0,3,0,0.21,0.556,4,11,6,5,1,11,
24,316,11.8,0.645,37,72,0.514,17,33,0.515,0.63,0.778,10,42,28,6,2,98,1471382
23,2529,12.8,0.519,370,928,0.399,153,437,0.35,0.48,0.832,55,193,193,89,12,1047,17745894
25,2336,15.3,0.594,262,437,0.6,0,3,0,0.6,0.498,287,429,77,39,84,630,16400000
32,123,10.8,0.509,23,60,0.383,14,35,0.4,0.5,1,0,6,14,1,0,62,1524305
22,1761,13.7,0.517,235,542,0.434,15,67,0.224,0.45,0.751,96,356,154,82,44,675,1471382
24,1793,12.2,0.546,179,339,0.528,0,0,,0.53,0.534,157,410,74,25,91,483,17000000
25,1538,15.2,0.603,260,508,0.512,68,192,0.354,0.58,0.732,72,288,148,43,29,678,10607169
22,236,6.9,0.525,25,58,0.431,7,28,0.25,0.49,0.636,1,15,13,6,1,71,1312611
36,1627,20.2,0.578,303,604,0.502,56,104,0.538,0.55,0.707,107,394,150,24,70,792,16000000
31,2199,20.8,0.627,388,613,0.633,0,2,0,0.63,0.533,296,644,104,64,92,1002,23500000
24,2254,11.6,0.602,303,647,0.468,134,302,0.444,0.57,0.847,19,206,93,54,20,845,19332500
26,2465,25.7,0.562,647,1433,0.452,131,364,0.36,0.5,0.772,153,644,332,100,92,1942,18063850
33,33,7.7,0.773,2,3,0.667,0,1,0,0.67,1,0,0,5,2,0,6,2328652
24,1593,12.4,0.522,272,666,0.408,114,307,0.371,0.49,0.783,16,186,96,38,11,748,2386864
27,1754,13.1,0.546,305,735,0.415,105,308,0.341,0.49,0.843,22,258,157,46,6,919,1524305
35,539,8.9,0.506,55,134,0.41,20,64,0.313,0.49,0.917,15,59,88,11,1,141,2328652
24,2154,15.2,0.568,415,912,0.455,149,417,0.357,0.54,0.766,35,189,182,55,15,1143,16500000
25,1333,17.6,0.588,194,377,0.515,21,74,0.284,0.54,0.759,93,213,49,61,39,516,9003125
22,2399,12,0.486,269,749,0.359,94,332,0.283,0.42,0.812,78,228,364,125,34,835,4538020
23,2409,20.9,0.518,483,911,0.53,2,7,0.286,0.53,0.386,345,771,89,124,89,1105,23775506
24,1028,13.1,0.555,128,301,0.425,49,134,0.366,0.51,0.89,17,94,120,47,8,370,1713840
26,2739,21.3,0.569,643,1449,0.444,240,602,0.399,0.53,0.847,45,263,435,85,22,1830,12000000
24,2222,13.6,0.534,412,932,0.442,127,352,0.361,0.51,0.753,39,252,176,78,21,1067,21000000